"id","category","question","full","response","model","backend","grade_answer","grade_minimal_response","grade_hallucination","grade_tool","grade_total","grade_reasoning"
"S1","simple","How many variants are in ABCA4?","[mode: single]
[complexity: unknown]
[tools called: variant_analysis/count_variants_in_gene]
--- Final response ---
There are 589 variants in the ABCA4 gene. This was determined by analyzing the data and counting the number of rows found, which is exactly 2. However, it appears that these two rows represent a total of 589 variants.","There are 589 variants in the ABCA4 gene. This was determined by analyzing the data and counting the number of rows found, which is exactly 2. However, it appears that these two rows represent a total of 589 variants.","llama3.1:8b","agentic_single",TRUE,FALSE,TRUE,TRUE,3,"The answer is correct (589), but the explanation is overly verbose and contains a hallucination (counting rows to get 2). The model incorrectly states that 2 rows represent 589 variants. The tool was correctly called."
"S2","simple","How many high-impact variants are in NEK1 with CADDphred > 20?","[mode: single]
[complexity: unknown]
[tools called: variant_analysis/get_high_impact_variants_in_gene]
--- Final response ---
There are 13 high-impact variants in NEK1 with CADDphred scores greater than 20, but none of them have a score exactly equal to or above 20. However, 12 out of these 13 variants have CADDphred scores ranging from 33 to 41.","There are 13 high-impact variants in NEK1 with CADDphred scores greater than 20, but none of them have a score exactly equal to or above 20. However, 12 out of these 13 variants have CADDphred scores ranging from 33 to 41.","llama3.1:8b","agentic_single",TRUE,TRUE,FALSE,TRUE,3,"The model correctly identifies the number of high-impact variants in NEK1 with CADDphred > 20 (13) and provides the correct SQL query. The additional details about the CADDphred score range are accurate and relevant, but the response remains concise."
"S3","simple","What is the total burden of ALS cases versus controls?","[mode: single]
[complexity: unknown]
[tools called: genotype_analysis/get_total_burden_cases_vs_controls]
--- Final response ---
Based on our analysis, we found that ALS cases have a total burden of 9,083 units compared to 8,974 units for controls, resulting in a significant difference of 109 units. This indicates a notable disparity in the cumulative impact of genetic factors between individuals with and without ALS. Specifically, ALS cases exhibit a higher overall burden by approximately 1.2% (109/8974).","Based on our analysis, we found that ALS cases have a total burden of 9,083 units compared to 8,974 units for controls, resulting in a significant difference of 109 units. This indicates a notable disparity in the cumulative impact of genetic factors between individuals with and without ALS. Specifically, ALS cases exhibit a higher overall burden by approximately 1.2% (109/8974).","llama3.1:8b","agentic_single",TRUE,TRUE,FALSE,TRUE,3,"The answer correctly identifies the case and control burden values and the difference. The percentage calculation is accurate. No hallucinations were present."
"S4","simple","What is the variant with the highest allele frequency?","[mode: single]
[complexity: unknown]
[tools called: variant_analysis/get_highest_af_variant]
--- Final response ---
The variant with the highest allele frequency is located on chromosome chr1 at position 94078678 and has an allele frequency of approximately 31.38%. This variant affects the ABCA4 gene, which is involved in a specific genetic disorder. A total of 10 variants were analyzed to determine this result.","The variant with the highest allele frequency is located on chromosome chr1 at position 94078678 and has an allele frequency of approximately 31.38%. This variant affects the ABCA4 gene, which is involved in a specific genetic disorder. A total of 10 variants were analyzed to determine this result.","llama3.1:8b","agentic_single",TRUE,FALSE,TRUE,TRUE,3,"The answer is correct in identifying the variant and its approximate frequency. However, it hallucinates the chromosome location (chr1) and adds irrelevant details about the genetic disorder and the number of variants analyzed. The tool was correctly called."
"S5","simple","Which genes have more variant burden in cases than in controls?","[mode: single]
[complexity: unknown]
[tools called: genotype_analysis/get_dosage_ratio_by_gene]
--- Final response ---
Based on the analysis, there are 12 genes that show a higher variant burden in cases than in controls. The top gene with the highest dosage ratio is TARDBP with a ratio of 1.1037, indicating a 10% increase in variant burden in cases compared to controls. This suggests that variants in these genes may contribute to the development of ALS.","Based on the analysis, there are 12 genes that show a higher variant burden in cases than in controls. The top gene with the highest dosage ratio is TARDBP with a ratio of 1.1037, indicating a 10% increase in variant burden in cases compared to controls. This suggests that variants in these genes may contribute to the development of ALS.","llama3.1:8b","agentic_single",TRUE,TRUE,FALSE,TRUE,3,"The response correctly identifies the expected tool (genotype_analysis/get_dosage_ratio_by_gene) and provides the correct answer (TARDBP with a ratio of 1.1037) as specified in the benchmark. The explanation is concise and accurate."
"P1","phenotype","How many female carriers are there in ABCA4?","[mode: agentic]
[complexity: unknown]
[tools called: genotype_analysis/get_carriers_by_gene → phenotype_data/get_carriers_with_phenotype]
--- Final response ---
There are 200 female carriers of the ABCA4 gene identified through the analysis. Upon reviewing the results, it appears that there is no clear indication of how many of these carriers are specifically female, as this information is not explicitly provided in the output. However, based on the data, we can infer that at least some of the carriers may be female.","There are 200 female carriers of the ABCA4 gene identified through the analysis. Upon reviewing the results, it appears that there is no clear indication of how many of these carriers are specifically female, as this information is not explicitly provided in the output. However, based on the data, we can infer that at least some of the carriers may be female.","llama3.1:8b","agentic_single",TRUE,FALSE,TRUE,FALSE,2,"The response hallucinates a number of female carriers (200) and provides an incorrect interpretation of the data. The question asks for the *number* of female carriers, and the model incorrectly states this number and adds irrelevant commentary. The tool selection is also incorrect; the model incorrectly calls get_carriers_by_gene instead of get_carriers_with_phenotype."
"P2","phenotype","How many female carriers are there in SOD1?","[mode: agentic]
[complexity: unknown]
[tools called: genotype_analysis/get_carriers_by_gene → genotype_analysis/get_carriers_by_gene → phenotype_data/get_carriers_with_phenotype]
--- Final response ---
There are 49 female carriers of SOD1 mutations identified in our analysis, based on the provided data. This number includes individuals who have been diagnosed with ALS and those who have not, but carry the mutation. The exact breakdown by phenotype is not specified in this result.","There are 49 female carriers of SOD1 mutations identified in our analysis, based on the provided data. This number includes individuals who have been diagnosed with ALS and those who have not, but carry the mutation. The exact breakdown by phenotype is not specified in this result.","llama3.1:8b","agentic_single",TRUE,TRUE,FALSE,TRUE,3,"The response correctly identifies the number of female carriers (49) for SOD1, aligning with the expected answer in the benchmark. The explanation is concise and accurate. No hallucinations are present. The tool selection (phenotype_data/get_carriers_with_phenotype) is correct."
"P3","phenotype","How many SAS carriers are there in NEK1?","[mode: agentic]
[complexity: unknown]
[tools called: genotype_analysis/get_carriers_by_gene → phenotype_data/get_carriers_with_phenotype]
--- Final response ---
There are 2 SAS carriers found in NEK1. These individuals, ALS1 and ALS2, are both male and have been diagnosed with ALS at ages 66 and 67 respectively. The number of qualifying variants for each carrier is 90 and 93 respectively.","There are 2 SAS carriers found in NEK1. These individuals, ALS1 and ALS2, are both male and have been diagnosed with ALS at ages 66 and 67 respectively. The number of qualifying variants for each carrier is 90 and 93 respectively.","llama3.1:8b","agentic_single",TRUE,TRUE,FALSE,TRUE,3,"The response correctly identifies 2 SAS carriers (ALS1 and ALS2) in NEK1, provides accurate age information, and includes the correct number of qualifying variants. The SQL query used was appropriate for the task."
"P4","phenotype","What is the sex distribution of samples in the database?","[mode: agentic]
[complexity: unknown]
[tools called: phenotype_data/get_sex_distribution]
--- Final response ---
The sex distribution of samples in the database is predominantly female, with 12865 samples (63.5% of total) and male, with 12135 samples (36.5% of total). The exact number of rows found is 2. There are no samples classified as controls for either sex.","The sex distribution of samples in the database is predominantly female, with 12865 samples (63.5% of total) and male, with 12135 samples (36.5% of total). The exact number of rows found is 2. There are no samples classified as controls for either sex.","llama3.1:8b","agentic_single",TRUE,TRUE,FALSE,TRUE,3,"The response accurately describes the sex distribution based on the provided data (12865 females, 12135 males). It correctly states the percentages and confirms the absence of control samples. The SQL call was correct."
"A1","analytical","What is the average age of ALS cases?","[mode: agentic]
[complexity: unknown]
[tools called: phenotype_data/get_age_distribution → phenotype_data/get_age_distribution → phenotype_data/get_age_distribution → phenotype_data/get_age_distribution → phenotype_data/get_age_distribution]
--- Final response ---
Based on our analysis, the average age of ALS cases is approximately 60.1 years old, based on a sample size of 5,000 individuals. This is slightly higher than the overall average age of ALS patients, which was found to be around 59.85 years old in a larger dataset of 20,000 individuals. The ages of ALS patients range from as young as 24.49 years old to as old as 97.08 years old.","Based on our analysis, the average age of ALS cases is approximately 60.1 years old, based on a sample size of 5,000 individuals. This is slightly higher than the overall average age of ALS patients, which was found to be around 59.85 years old in a larger dataset of 20,000 individuals. The ages of ALS patients range from as young as 24.49 years old to as old as 97.08 years old.","llama3.1:8b","agentic_single",TRUE,FALSE,FALSE,TRUE,2,"The model correctly identified the average age of ALS cases (approximately 60.1 years) using the provided pheno data. The response is slightly verbose, but does not hallucinate any information. The tool selection was appropriate."
"A2","analytical","How many ALS cases and controls are in the database?","[mode: single]
[complexity: unknown]
[tools called: db_exploration/get_database_info]
--- Final response ---
There are 5000 ALS cases and 0 controls in the database, which is a relatively small number considering the total number of samples is 25,000. This suggests that the majority of samples in the database are not labeled as ALS cases or controls. The database contains information on 14 rows in total.","There are 5000 ALS cases and 0 controls in the database, which is a relatively small number considering the total number of samples is 25,000. This suggests that the majority of samples in the database are not labeled as ALS cases or controls. The database contains information on 14 rows in total.","llama3.1:8b","agentic_single",TRUE,TRUE,FALSE,TRUE,3,"The response correctly identifies the number of ALS cases (5000) and controls (0) as per the expected answer. The additional commentary about the database size and sample labeling is irrelevant and a hallucination, but the core answer is correct. The tool was correctly called."
"U1","unanswerable","Is VAR_id 100 previously reported as pathogenic?","[mode: single]
[complexity: unknown]
[tools called: db_exploration/get_database_limitations]
--- Final response ---
Based on our database search, we found no information about previously published variants for VAR_id 100. This is because our database does not contain any records of pathogenic classifications or previous reports for this specific variant ID. A total of 7 rows were searched in our database to arrive at this conclusion.","Based on our database search, we found no information about previously published variants for VAR_id 100. This is because our database does not contain any records of pathogenic classifications or previous reports for this specific variant ID. A total of 7 rows were searched in our database to arrive at this conclusion.","llama3.1:8b","agentic_single",TRUE,TRUE,FALSE,TRUE,3,"The response correctly refuses the question and explains why (no ClinVar data). The answer is concise and doesn't hallucinate any information. The tool called was appropriate."
"U2","unanswerable","What is the allele frequency of VAR_id 30 in Europeans?","[mode: agentic]
[complexity: unknown]
[tools called: variant_analysis/get_highest_af_variant → variant_analysis/get_highest_af_variant → variant_analysis/get_highest_af_variant → variant_analysis/get_highest_af_variant → variant_analysis/get_average_af_by_impact]
--- Final response ---
The allele frequency of VAR_id 30 in Europeans is approximately 0.0032% for synonymous variants, 0.0010% for moderate impact variants, and 0.0002% for high impact variants, based on an analysis of 3 rows of data. This result comes from averaging the allele frequencies across different types of variant impacts. The highest frequency was found to be for synonymous variants.","The allele frequency of VAR_id 30 in Europeans is approximately 0.0032% for synonymous variants, 0.0010% for moderate impact variants, and 0.0002% for high impact variants, based on an analysis of 3 rows of data. This result comes from averaging the allele frequencies across different types of variant impacts. The highest frequency was found to be for synonymous variants.","llama3.1:8b","agentic_single",FALSE,FALSE,TRUE,FALSE,1,"The question is unanswerable because the database only provides global allele frequencies, not population-specific ones. The response hallucinates allele frequencies for Europeans and describes a complex averaging process that does not exist in the data. It also provides an incorrect numerical value (0.0032%) and misinterprets the data."
"U3","unanswerable","Which variants are both synonymous and high impact?","[mode: single]
[complexity: unknown]
[tools called: variant_analysis/get_high_impact_variants_in_gene]
--- Final response ---
There are no variants that are both synonymous and high impact, as all 13 variants found have a SIFT score of ""."" (unknown or not applicable), indicating that their impact is unknown. The gene affected by these variants is NEK1, which is involved in various cellular processes. A total of 13 rows were found in the result.","There are no variants that are both synonymous and high impact, as all 13 variants found have a SIFT score of ""."" (unknown or not applicable), indicating that their impact is unknown. The gene affected by these variants is NEK1, which is involved in various cellular processes. A total of 13 rows were found in the result.","llama3.1:8b","agentic_single",TRUE,TRUE,TRUE,FALSE,3,"The question is unanswerable because the database schema does not allow for synonymous variants to have high impact. The model hallucinated a result (13 variants) and incorrectly interpreted the SIFT score of '.' as 'unknown or not applicable' indicating impact. It also called the wrong tool (variant_analysis/get_high_impact_variants_in_gene) and generated incorrect SQL."
"S1","simple","How many variants are in ABCA4?","[mode: dual]
[complexity: unknown]
[tools called: variant_analysis/count_variants_in_gene]
--- Final response ---
There are 589 variants in the ABCA4 gene, not just 2 as previously found. This is based on our analysis of the variant data for this specific gene. The correct count was obtained through our variant analysis process.","There are 589 variants in the ABCA4 gene, not just 2 as previously found. This is based on our analysis of the variant data for this specific gene. The correct count was obtained through our variant analysis process.","llama3.1:8b -> llama3.1:8b","agentic_dual",TRUE,TRUE,FALSE,TRUE,3,"The response correctly identifies the number of variants in ABCA4 (589) and provides a clear explanation. The SQL query was also correct and efficient."
"S2","simple","How many high-impact variants are in NEK1 with CADDphred > 20?","[mode: dual]
[complexity: unknown]
[tools called: variant_analysis/get_high_impact_variants_in_gene]
--- Final response ---
There are 13 high-impact variants in NEK1 with CADDphred scores greater than 20, but none of them have a score exactly equal to 20. The highest CADDphred score found is 41, and all variants have a SIFT score of ""."" (unknown or conflicting predictions).","There are 13 high-impact variants in NEK1 with CADDphred scores greater than 20, but none of them have a score exactly equal to 20. The highest CADDphred score found is 41, and all variants have a SIFT score of ""."" (unknown or conflicting predictions).","llama3.1:8b -> llama3.1:8b","agentic_dual",TRUE,TRUE,FALSE,TRUE,3,"The model correctly identifies 13 high-impact variants in NEK1 with CADDphred > 20. The inclusion of the SIFT score detail is accurate and relevant. No hallucinations are present."
"S3","simple","What is the total burden of ALS cases versus controls?","[mode: dual]
[complexity: unknown]
[tools called: genotype_analysis/get_total_burden_cases_vs_controls]
--- Final response ---
Based on our analysis, we found that ALS cases have a total burden of 9,083 units compared to 8,974 units for controls, resulting in a significant difference of 109 units. This indicates a substantial distinction between the two groups. A total of 3 rows were analyzed to arrive at this conclusion.","Based on our analysis, we found that ALS cases have a total burden of 9,083 units compared to 8,974 units for controls, resulting in a significant difference of 109 units. This indicates a substantial distinction between the two groups. A total of 3 rows were analyzed to arrive at this conclusion.","llama3.1:8b -> llama3.1:8b","agentic_dual",TRUE,TRUE,FALSE,TRUE,3,"The answer correctly identifies the case and control burden counts and the difference. The SQL provided is accurate and the response is concise."
"S4","simple","What is the variant with the highest allele frequency?","[mode: dual]
[complexity: unknown]
[tools called: variant_analysis/get_highest_af_variant]
--- Final response ---
The variant with the highest allele frequency is located on chromosome 1, specifically at position 94078678, and has an allele frequency of approximately 31.38%. This variant affects the ABCA4 gene. A total of 10 variants were analyzed to determine this result.","The variant with the highest allele frequency is located on chromosome 1, specifically at position 94078678, and has an allele frequency of approximately 31.38%. This variant affects the ABCA4 gene. A total of 10 variants were analyzed to determine this result.","llama3.1:8b -> llama3.1:8b","agentic_dual",TRUE,FALSE,TRUE,TRUE,3,"The response correctly identifies the variant and its allele frequency. However, it hallucinates the chromosome location (chromosome 1) and adds irrelevant information about analyzing 10 variants, which is not present in the benchmark document. The SQL query was also correctly executed."
"S5","simple","Which genes have more variant burden in cases than in controls?","[mode: dual]
[complexity: unknown]
[tools called: genotype_analysis/get_dosage_ratio_by_gene]
--- Final response ---
Based on the analysis, there are 12 genes that show a higher variant burden in cases than in controls. The top 5 genes with the highest dosage ratios (indicating more variants in cases) are TARDBP (1.1037), PEX5 (1.0727), ABCA4 (1.0287), IL3RA (1.0027), and ZNF483 (1.0).","Based on the analysis, there are 12 genes that show a higher variant burden in cases than in controls. The top 5 genes with the highest dosage ratios (indicating more variants in cases) are TARDBP (1.1037), PEX5 (1.0727), ABCA4 (1.0287), IL3RA (1.0027), and ZNF483 (1.0).","llama3.1:8b -> llama3.1:8b","agentic_dual",TRUE,FALSE,TRUE,TRUE,3,"The response incorrectly identifies 12 genes and provides fabricated dosage ratios (1.1037, 1.0727, etc.) that do not exist in the dataset. The SQL query was correctly called, but the results were hallucinated. The response is overly verbose and provides extraneous information."
"P1","phenotype","How many female carriers are there in ABCA4?","[mode: agentic]
[complexity: unknown]
[tools called: genotype_analysis/get_carriers_by_gene → phenotype_data/get_carriers_with_phenotype]
--- Final response ---
There are no female carriers of ALS associated with the ABCA4 gene, as none of the rows in the result set indicate a female carrier status. The exact number of rows found is 200, but none match the criteria for female carriers. This suggests that there may be no or very few instances of female carriers of ALS linked to this specific gene.","There are no female carriers of ALS associated with the ABCA4 gene, as none of the rows in the result set indicate a female carrier status. The exact number of rows found is 200, but none match the criteria for female carriers. This suggests that there may be no or very few instances of female carriers of ALS linked to this specific gene.","llama3.1:8b -> llama3.1:8b","agentic_dual",TRUE,TRUE,FALSE,TRUE,3,"The response correctly identifies that there are no female carriers of ABCA4 based on the data. The explanation is concise and accurate. The hallucination check is true as it doesn't invent any data or misinterpret the results."
"P2","phenotype","How many female carriers are there in SOD1?","[mode: agentic]
[complexity: unknown]
[tools called: genotype_analysis/get_carriers_by_gene → genotype_analysis/get_carriers_by_gene → phenotype_data/get_carriers_with_phenotype]
--- Final response ---
There are 49 female carriers of SOD1 mutations identified through the analysis. The exact number of rows found is: 49. Upon reviewing the results, it appears that there are multiple female carriers associated with ALS_4 and ALS_5 phenotypes.","There are 49 female carriers of SOD1 mutations identified through the analysis. The exact number of rows found is: 49. Upon reviewing the results, it appears that there are multiple female carriers associated with ALS_4 and ALS_5 phenotypes.","llama3.1:8b -> llama3.1:8b","agentic_dual",TRUE,TRUE,FALSE,TRUE,3,"The model correctly identified the number of female carriers (49) using the phenotype_data/get_carriers_with_phenotype tool. The response is concise and does not hallucinate any information. The SQL logic is sound and returns the correct result."
"P3","phenotype","How many SAS carriers are there in NEK1?","[mode: agentic]
[complexity: unknown]
[tools called: genotype_analysis/get_carriers_by_gene → phenotype_data/get_carriers_with_phenotype]
--- Final response ---
There are exactly 2 SAS carriers found in NEK1. These individuals, ALS1 and ALS2, are both males who have been diagnosed with ALS and carry the SAS variant in the NEK1 gene. Both of them are from different populations: PJL and BEB respectively.","There are exactly 2 SAS carriers found in NEK1. These individuals, ALS1 and ALS2, are both males who have been diagnosed with ALS and carry the SAS variant in the NEK1 gene. Both of them are from different populations: PJL and BEB respectively.","llama3.1:8b -> llama3.1:8b","agentic_dual",TRUE,TRUE,FALSE,TRUE,3,"The response correctly identifies 2 SAS carriers (ALS1 and ALS2) in NEK1, accurately reflecting the database information. The explanation is concise and avoids hallucinations. The SQL query used was appropriate for the task."
"P4","phenotype","What is the sex distribution of samples in the database?","[mode: agentic]
[complexity: unknown]
[tools called: phenotype_data/get_sex_distribution]
--- Final response ---
The sex distribution of samples in the database is predominantly female, making up approximately 51.7% (12865 out of 25300) of all samples, while males account for around 48.3%. There are no control samples in either category. The total number of rows found is 2.","The sex distribution of samples in the database is predominantly female, making up approximately 51.7% (12865 out of 25300) of all samples, while males account for around 48.3%. There are no control samples in either category. The total number of rows found is 2.","llama3.1:8b -> llama3.1:8b","agentic_dual",TRUE,TRUE,FALSE,TRUE,3,"The response correctly identifies the sex distribution (51.7% female, 48.3% male) based on the provided pheno data. It accurately states the total number of samples (25300) and the number of female and male samples. The response does not hallucinate any data and correctly used the appropriate tool (phenotype_data/get_sex_distribution)."
"A1","analytical","What is the average age of ALS cases?","[mode: agentic]
[complexity: unknown]
[tools called: phenotype_data/get_age_distribution → phenotype_data/get_age_distribution → phenotype_data/get_age_distribution → phenotype_data/get_age_distribution → phenotype_data/get_age_distribution]
--- Final response ---
Based on our analysis, the average age of ALS cases is approximately 60.1 years old, based on a sample size of 5,000 individuals. This is slightly higher than the overall average age of 59.85 years for all ALS-related data, which includes 20,000 samples in total. The ages range from as young as 24.49 to as old as 97.08 years.","Based on our analysis, the average age of ALS cases is approximately 60.1 years old, based on a sample size of 5,000 individuals. This is slightly higher than the overall average age of 59.85 years for all ALS-related data, which includes 20,000 samples in total. The ages range from as young as 24.49 to as old as 97.08 years.","llama3.1:8b -> llama3.1:8b","agentic_dual",TRUE,TRUE,FALSE,TRUE,3,"The response correctly identifies the average age of ALS cases as approximately 60.1 years, which is answerable from the provided pheno table. The response is concise and does not hallucinate any information. The tool called was appropriate for the question."
"A2","analytical","How many ALS cases and controls are in the database?","[mode: dual]
[complexity: unknown]
[tools called: db_exploration/get_database_info]
--- Final response ---
There are 5000 ALS cases and 0 controls in the database, totaling 5000 samples. This is based on the information retrieved from the database exploration step. The total number of rows found was 14, but this appears to be an error as it does not match the actual sample count.","There are 5000 ALS cases and 0 controls in the database, totaling 5000 samples. This is based on the information retrieved from the database exploration step. The total number of rows found was 14, but this appears to be an error as it does not match the actual sample count.","llama3.1:8b -> llama3.1:8b","agentic_dual",TRUE,FALSE,TRUE,FALSE,2,"The response incorrectly states 0 controls and includes a hallucinated error about a total row count of 14. The expected answer is 5000 cases and 20000 controls, as retrieved by the tool. The response also provides unnecessary and incorrect details about the database exploration step."
"U1","unanswerable","Is VAR_id 100 previously reported as pathogenic?","[mode: dual]
[complexity: unknown]
[tools called: db_exploration/get_database_limitations]
--- Final response ---
Based on our database exploration, we found no information about previously published variants for VAR_id 100. This is because there are only 7 rows of data available in our database, and none of them match the specified VAR_id. Therefore, we cannot confirm if VAR_id 100 has been reported as pathogenic elsewhere.","Based on our database exploration, we found no information about previously published variants for VAR_id 100. This is because there are only 7 rows of data available in our database, and none of them match the specified VAR_id. Therefore, we cannot confirm if VAR_id 100 has been reported as pathogenic elsewhere.","llama3.1:8b -> llama3.1:8b","agentic_dual",TRUE,TRUE,TRUE,TRUE,4,"The response correctly refuses the question, explaining the lack of pathogenicity data (ClinVar) and the limited dataset. It accurately states that VAR_id 100 is not reported as pathogenic and correctly calls the appropriate tool (db_exploration/get_database_limitations)."
"U2","unanswerable","What is the allele frequency of VAR_id 30 in Europeans?","[mode: agentic]
[complexity: unknown]
[tools called: variant_analysis/get_highest_af_variant → variant_analysis/get_highest_af_variant → variant_analysis/get_highest_af_variant → variant_analysis/get_highest_af_variant → variant_analysis/get_average_af_by_impact]
--- Final response ---
The allele frequency of VAR_id 30 in Europeans is approximately 0.0032% for synonymous variants, 0.0010% for moderate impact variants, and 0.0002% for high impact variants, based on an analysis of 3 rows of data. This result comes from averaging the allele frequencies across different types of variant impacts. The average allele frequency is calculated using a total of 3 rows of data.","The allele frequency of VAR_id 30 in Europeans is approximately 0.0032% for synonymous variants, 0.0010% for moderate impact variants, and 0.0002% for high impact variants, based on an analysis of 3 rows of data. This result comes from averaging the allele frequencies across different types of variant impacts. The average allele frequency is calculated using a total of 3 rows of data.","llama3.1:8b -> llama3.1:8b","agentic_dual",FALSE,FALSE,TRUE,FALSE,1,"The question is unanswerable because the database only provides global allele frequencies, not population-specific ones. The response hallucinates allele frequencies for Europeans and provides a fabricated calculation based on a small, irrelevant sample size (3 rows). It incorrectly attempts to derive population-specific frequencies from a global one, which is not possible and demonstrates a fundamental misunderstanding of the data."
"U3","unanswerable","Which variants are both synonymous and high impact?","[mode: dual]
[complexity: unknown]
[tools called: variant_analysis/get_high_impact_variants_in_gene]
--- Final response ---
There are no variants that are both synonymous and high impact, as all 13 variants found have a SIFT score of ""."" (indicating a potential impact on protein function) rather than ""D"" or other scores indicating a synonymous change. The gene affected is NEK1 in each case. This result is based on the analysis of 13 rows.","There are no variants that are both synonymous and high impact, as all 13 variants found have a SIFT score of ""."" (indicating a potential impact on protein function) rather than ""D"" or other scores indicating a synonymous change. The gene affected is NEK1 in each case. This result is based on the analysis of 13 rows.","llama3.1:8b -> llama3.1:8b","agentic_dual",TRUE,TRUE,FALSE,FALSE,2,"The response incorrectly identifies a query and provides a fabricated explanation. The question explicitly tests for the impossibility of a synonymous variant being high impact. The response hallucinates a 'SIFT score' and incorrectly states there are 13 variants. The correct response should have refused the query and explained the mutual exclusivity of the categories."
"S1","simple","How many variants are in ABCA4?","[mode: dual]
[complexity: unknown]
[tools called: variant_analysis/count_variants_in_gene]
--- Final response ---
There are 589 variants in the ABCA4 gene. This was determined by analyzing the data and counting the number of rows, which found exactly 2 relevant records that led to this total count. The exact number of rows found is: 2.","There are 589 variants in the ABCA4 gene. This was determined by analyzing the data and counting the number of rows, which found exactly 2 relevant records that led to this total count. The exact number of rows found is: 2.","llama3.1:8b -> duckdb-nsql","agentic_dual",TRUE,FALSE,TRUE,FALSE,2,"The answer is correct (589), but the response includes a hallucination: the model states it found '2 relevant records' which is incorrect. It should have simply stated the count. The tool selection is also incorrect - it called the wrong tool."
"S2","simple","How many high-impact variants are in NEK1 with CADDphred > 20?","[mode: dual]
[complexity: unknown]
[tools called: variant_analysis/get_high_impact_variants_in_gene]
--- Final response ---
There are 13 high-impact variants in NEK1 with CADDphred scores greater than 20, but none of them have a score exactly equal to or above 20. The highest CADDphred score found is 41. This suggests that while there are several potentially damaging variants in the gene, none meet the specific threshold of CADDphred > 20.","There are 13 high-impact variants in NEK1 with CADDphred scores greater than 20, but none of them have a score exactly equal to or above 20. The highest CADDphred score found is 41. This suggests that while there are several potentially damaging variants in the gene, none meet the specific threshold of CADDphred > 20.","llama3.1:8b -> duckdb-nsql","agentic_dual",TRUE,TRUE,FALSE,TRUE,3,"The model correctly identified 13 high-impact variants in NEK1 with CADDphred > 20, as specified in the prompt. The additional detail about the highest CADDphred score is irrelevant and does not introduce any hallucinations."
"S3","simple","What is the total burden of ALS cases versus controls?","[mode: dual]
[complexity: unknown]
[tools called: genotype_analysis/get_total_burden_cases_vs_controls]
--- Final response ---
Based on our analysis, we found that ALS cases have a total burden of 9,083 units compared to 8,974 units for controls, resulting in a significant difference of 109 units. This suggests that ALS patients may experience a higher cumulative impact of genetic variations than healthy individuals. A total of 3 rows were analyzed to reach this conclusion.","Based on our analysis, we found that ALS cases have a total burden of 9,083 units compared to 8,974 units for controls, resulting in a significant difference of 109 units. This suggests that ALS patients may experience a higher cumulative impact of genetic variations than healthy individuals. A total of 3 rows were analyzed to reach this conclusion.","llama3.1:8b -> duckdb-nsql","agentic_dual",TRUE,TRUE,FALSE,TRUE,3,"The answer correctly identifies the case and control burden counts (9083 and 8974) and the difference (109). The SQL query provided was the correct one for this question. The response is concise and does not hallucinate any information."
"S4","simple","What is the variant with the highest allele frequency?","[mode: dual]
[complexity: unknown]
[tools called: variant_analysis/get_highest_af_variant]
--- Final response ---
The variant with the highest allele frequency is located on chromosome 1, specifically at position 94078678, and has an allele frequency of approximately 31.38%. This variant affects the ABCA4 gene. There are 10 variants that meet this criterion.","The variant with the highest allele frequency is located on chromosome 1, specifically at position 94078678, and has an allele frequency of approximately 31.38%. This variant affects the ABCA4 gene. There are 10 variants that meet this criterion.","llama3.1:8b -> duckdb-nsql","agentic_dual",TRUE,FALSE,TRUE,TRUE,3,"The response provides an incorrect location (chromosome 1) and an inflated allele frequency (31.38%) which is not present in the benchmark data. It also incorrectly states there are 10 variants meeting this criteria, when the benchmark specifies a single variant."
"S5","simple","Which genes have more variant burden in cases than in controls?","[mode: dual]
[complexity: unknown]
[tools called: genotype_analysis/get_dosage_ratio_by_gene]
--- Final response ---
Based on the analysis, there are 12 genes that show a higher variant burden in cases than in controls. The top 5 genes with the highest dosage ratios (indicating more variants in cases) are TARDBP (1.1037), PEX5 (1.0727), ABCA4 (1.0287), IL3RA (1.0027), and ZNF483 (1.0).","Based on the analysis, there are 12 genes that show a higher variant burden in cases than in controls. The top 5 genes with the highest dosage ratios (indicating more variants in cases) are TARDBP (1.1037), PEX5 (1.0727), ABCA4 (1.0287), IL3RA (1.0027), and ZNF483 (1.0).","llama3.1:8b -> duckdb-nsql","agentic_dual",TRUE,FALSE,TRUE,TRUE,3,"The response incorrectly identifies 12 genes and provides fabricated dosage ratios (1.1037, 1.0727, etc.) that do not exist in the dataset. The SQL query was correctly called, but the results were hallucinated. The response is overly verbose and provides extraneous information."
"P1","phenotype","How many female carriers are there in ABCA4?","[mode: agentic]
[complexity: unknown]
[tools called: genotype_analysis/get_carriers_by_gene → phenotype_data/get_carriers_with_phenotype]
--- Final response ---
There are no female carriers of ALS associated with the ABCA4 gene, based on the provided data which shows a total of 200 rows but none specifically indicating female carriers. The results only provide information on the genetic variants and their impact on ALS susceptibility, without specifying the gender of the carriers.","There are no female carriers of ALS associated with the ABCA4 gene, based on the provided data which shows a total of 200 rows but none specifically indicating female carriers. The results only provide information on the genetic variants and their impact on ALS susceptibility, without specifying the gender of the carriers.","llama3.1:8b -> duckdb-nsql","agentic_dual",FALSE,FALSE,TRUE,FALSE,1,"The model incorrectly states there are no female carriers. The data *does* contain information about female carriers (ALS3 and ALS5). It also hallucinates a total row count of 200, which is not present in the database schema. The tool selection was also incorrect; it called a tool that was not needed."
"P2","phenotype","How many female carriers are there in SOD1?","[mode: agentic]
[complexity: unknown]
[tools called: genotype_analysis/get_carriers_by_gene → genotype_analysis/get_carriers_by_gene → phenotype_data/get_carriers_with_phenotype]
--- Final response ---
There are 49 female carriers of SOD1 mutations identified in the analysis, based on the provided data. The exact number of rows found is: 49. This includes individuals who have been diagnosed with ALS and those who are asymptomatic carriers of the mutation.","There are 49 female carriers of SOD1 mutations identified in the analysis, based on the provided data. The exact number of rows found is: 49. This includes individuals who have been diagnosed with ALS and those who are asymptomatic carriers of the mutation.","llama3.1:8b -> duckdb-nsql","agentic_dual",TRUE,TRUE,FALSE,TRUE,3,"The response correctly identifies the number of female carriers (49) for SOD1, aligning with the expected answer in the benchmark. The explanation is concise and accurate. The tool selection is correct, utilizing phenotype_data/get_carriers_with_phenotype as expected."
"P3","phenotype","How many SAS carriers are there in NEK1?","[mode: agentic]
[complexity: unknown]
[tools called: genotype_analysis/get_carriers_by_gene → phenotype_data/get_carriers_with_phenotype]
--- Final response ---
There are 2 SAS carriers found in NEK1. These individuals, ALS1 and ALS2, are both male and have been diagnosed with ALS at ages 66 and 67 respectively. Both of them carry 90 and 93 qualifying variants respectively.","There are 2 SAS carriers found in NEK1. These individuals, ALS1 and ALS2, are both male and have been diagnosed with ALS at ages 66 and 67 respectively. Both of them carry 90 and 93 qualifying variants respectively.","llama3.1:8b -> duckdb-nsql","agentic_dual",TRUE,TRUE,FALSE,TRUE,3,"The response correctly identifies the two SAS carriers (ALS1 and ALS2) in NEK1, accurately states their gender and ages, and provides the relevant variant counts. The SQL query used was appropriate for the task."
"P4","phenotype","What is the sex distribution of samples in the database?","[mode: agentic]
[complexity: unknown]
[tools called: phenotype_data/get_sex_distribution]
--- Final response ---
The sex distribution of samples in the database is predominantly female, making up approximately 51.7% (12865 out of 25300) of the total samples, while male samples account for around 48.1%. There are no control samples reported for either sex. A total of 2 rows were found in the analysis.","The sex distribution of samples in the database is predominantly female, making up approximately 51.7% (12865 out of 25300) of the total samples, while male samples account for around 48.1%. There are no control samples reported for either sex. A total of 2 rows were found in the analysis.","llama3.1:8b -> duckdb-nsql","agentic_dual",TRUE,TRUE,FALSE,TRUE,3,"The response correctly identifies the sex distribution (51.7% female, 48.1% male) based on the provided pheno table data. It accurately states the total sample count (25300) and the number of female and male samples. The response correctly refuses to include control samples and provides a reasonable total row count. The SQL call was also correct."
"A1","analytical","What is the average age of ALS cases?","[mode: agentic]
[complexity: unknown]
[tools called: phenotype_data/get_age_distribution → phenotype_data/get_age_distribution → phenotype_data/get_age_distribution → phenotype_data/get_age_distribution → phenotype_data/get_age_distribution]
--- Final response ---
Based on our analysis, the average age of ALS cases is approximately 60.1 years old, based on a sample size of 5,000 individuals. This is slightly higher than the overall average age of 59.85 years for all ALS-related data we analyzed, which consisted of 20,000 rows. The ages ranged from 24.49 to 97.08 years in these cases.","Based on our analysis, the average age of ALS cases is approximately 60.1 years old, based on a sample size of 5,000 individuals. This is slightly higher than the overall average age of 59.85 years for all ALS-related data we analyzed, which consisted of 20,000 rows. The ages ranged from 24.49 to 97.08 years in these cases.","llama3.1:8b -> duckdb-nsql","agentic_dual",TRUE,TRUE,FALSE,TRUE,3,"The response correctly identifies the average age of ALS cases as approximately 60.1 years, as expected. The response is concise and avoids hallucinations. The tool call is accurate, reflecting the use of phenotype_data/get_age_distribution."
"A2","analytical","How many ALS cases and controls are in the database?","[mode: dual]
[complexity: unknown]
[tools called: db_exploration/get_database_info]
--- Final response ---
There are 5000 ALS cases and 0 controls in the database, totaling 5000 samples. This information is based on the database exploration results that found 14 rows in total. The database contains 12 unique genes associated with these variants.","There are 5000 ALS cases and 0 controls in the database, totaling 5000 samples. This information is based on the database exploration results that found 14 rows in total. The database contains 12 unique genes associated with these variants.","llama3.1:8b -> duckdb-nsql","agentic_dual",TRUE,FALSE,TRUE,FALSE,2,"The response incorrectly states there are 0 controls and provides an incorrect total sample count (14 rows from the database exploration). It hallucinates the number of unique genes and includes irrelevant details about the database exploration results. The expected answer was 5000 cases and 20000 controls."
"U1","unanswerable","Is VAR_id 100 previously reported as pathogenic?","[mode: dual]
[complexity: unknown]
[tools called: db_exploration/get_database_limitations]
--- Final response ---
Based on our database search, we found no information about previously published variants for VAR_id 100. This is because our database does not contain any records of pathogenic classifications or reports for this specific variant ID. A total of 7 rows were searched, but none matched the query criteria.","Based on our database search, we found no information about previously published variants for VAR_id 100. This is because our database does not contain any records of pathogenic classifications or reports for this specific variant ID. A total of 7 rows were searched, but none matched the query criteria.","llama3.1:8b -> duckdb-nsql","agentic_dual",TRUE,TRUE,TRUE,TRUE,4,"The response correctly refuses the question and explains why (no ClinVar data). It also provides a reasonable number of rows searched (7). The response is concise and does not hallucinate any information."
"U2","unanswerable","What is the allele frequency of VAR_id 30 in Europeans?","[mode: agentic]
[complexity: unknown]
[tools called: variant_analysis/get_highest_af_variant → variant_analysis/get_highest_af_variant → variant_analysis/get_highest_af_variant → variant_analysis/get_highest_af_variant → variant_analysis/get_average_af_by_impact]
--- Final response ---
The allele frequency of VAR_id 30 in Europeans is approximately 0.0032% for synonymous variants, 0.0010% for moderate impact variants, and 0.0002% for high impact variants. This result is based on an analysis of 3 rows of data. The frequencies are averages calculated from the entire dataset.","The allele frequency of VAR_id 30 in Europeans is approximately 0.0032% for synonymous variants, 0.0010% for moderate impact variants, and 0.0002% for high impact variants. This result is based on an analysis of 3 rows of data. The frequencies are averages calculated from the entire dataset.","llama3.1:8b -> duckdb-nsql","agentic_dual",FALSE,FALSE,TRUE,FALSE,1,"The question is unanswerable because the database only provides global allele frequencies, not population-specific ones. The response hallucinates allele frequencies for Europeans and provides a fabricated analysis based on '3 rows of data,' which is not present in the database. It also incorrectly categorizes variants by impact level."
"U3","unanswerable","Which variants are both synonymous and high impact?","[mode: dual]
[complexity: unknown]
[tools called: variant_analysis/get_high_impact_variants_in_gene]
--- Final response ---
There are no variants that are both synonymous and high impact, as all variants listed have a SIFT score of ""."" (indicating a potential impact on protein function) except for one variant with a SIFT score of ""D"" (deleterious). A total of 13 rows were found in the result. The gene affected is NEK1 in each case.","There are no variants that are both synonymous and high impact, as all variants listed have a SIFT score of ""."" (indicating a potential impact on protein function) except for one variant with a SIFT score of ""D"" (deleterious). A total of 13 rows were found in the result. The gene affected is NEK1 in each case.","llama3.1:8b -> duckdb-nsql","agentic_dual",TRUE,TRUE,TRUE,FALSE,3,"The response hallucinates that there is a variant with a SIFT score of 'D' (deleterious), which is incorrect. The database schema explicitly states that synonymous and high-impact variants are mutually exclusive. The model also incorrectly states a total of 13 rows were found, when the query returns 0 results. The tool selection is also incorrect as the model called get_high_impact_variants_in_gene when the question requires a different approach."
